{
  "hash": "22e07dd8",
  "configHash": "006295d6",
  "lockfileHash": "ba432ecf",
  "browserHash": "a5a52fd8",
  "optimized": {
    "@angular/core": {
      "src": "../../../../../node_modules/@angular/core/fesm2022/core.mjs",
      "file": "@angular_core.js",
      "fileHash": "fb1d7841",
      "needsInterop": false
    },
    "@angular/forms": {
      "src": "../../../../../node_modules/@angular/forms/fesm2022/forms.mjs",
      "file": "@angular_forms.js",
      "fileHash": "dd29e996",
      "needsInterop": false
    },
    "@angular/platform-browser": {
      "src": "../../../../../node_modules/@angular/platform-browser/fesm2022/platform-browser.mjs",
      "file": "@angular_platform-browser.js",
      "fileHash": "15129fb6",
      "needsInterop": false
    },
    "@angular/router": {
      "src": "../../../../../node_modules/@angular/router/fesm2022/router.mjs",
      "file": "@angular_router.js",
      "fileHash": "603591f3",
      "needsInterop": false
    }
  },
  "chunks": {
    "chunk-AN3VSNPO": {
      "file": "chunk-AN3VSNPO.js"
    },
    "chunk-FJXJ7GQV": {
      "file": "chunk-FJXJ7GQV.js"
    },
    "chunk-S4QKGH5G": {
      "file": "chunk-S4QKGH5G.js"
    }
  }
}